id,popularity
4943,high
16165,low
6774,average
9959,average
13818,high
16064,low
10092,high
3874,average
14893,high
9181,low
4408,high
8584,average
9102,very low
14308,very low
9127,average
11682,low
5028,low
7138,very high
681,low
9682,high
10085,low
5671,low
15326,high
9477,low
2870,very low
4653,very low
7060,low
3924,low
15354,average
10038,low
10606,very low
6303,average
9005,low
10373,average
8708,average
4090,very low
5732,low
15872,low
12568,high
7289,high
7716,average
13833,low
4320,low
1507,low
8777,high
9319,average
1962,average
13370,average
2494,low
9321,low
4188,high
8314,low
4585,average
5821,very high
12030,very low
3331,low
3543,average
4216,average
7160,very low
7709,average
11942,low
4951,low
3495,low
14414,very low
13684,very high
5918,very low
4985,very low
14355,high
12227,average
5922,low
6563,very high
6722,very high
3887,very low
11268,very low
11801,high
2433,high
2239,very low
7795,average
15869,low
4482,low
12650,low
15649,average
7900,average
13055,high
15630,average
4312,high
2583,low
14534,average
8513,low
12628,very low
4086,low
9714,low
13946,low
1492,average
4083,low
2016,average
5072,very low
13562,average
10532,very low
5957,high
12014,average
15347,very low
12719,high
6028,low
10173,very low
2196,very high
14867,average
4349,low
845,very low
6455,high
9012,low
931,low
4539,high
2206,low
1935,high
2753,very low
5855,very low
3416,very low
15903,low
7907,high
3373,high
2524,low
7871,very low
10409,high
10095,average
12351,high
10889,high
643,low
6046,low
10503,low
5353,high
8204,average
10426,low
6217,very high
3048,high
6283,low
6150,low
4248,average
7274,average
11056,average
10643,average
4788,very low
14253,low
10714,very low
2128,low
7396,very low
3086,low
8611,low
13246,very low
10369,average
12153,low
1568,high
4184,low
9261,very low
5444,high
1088,low
12259,average
7934,very low
15170,low
15922,high
15004,low
10544,average
884,very low
12158,very low
3455,high
4979,high
7316,high
2772,low
635,average
9137,average
24,very low
9220,low
13086,low
13010,high
14528,low
13579,average
3848,very low
337,high
13168,very low
14886,low
9475,low
3408,very low
4347,low
12230,very low
9474,very low
3368,low
12524,low
4846,very low
3850,low
8486,high
5853,average
7667,high
13581,high
10899,high
4581,high
15752,low
2271,very low
4541,low
14876,very low
2352,average
4489,average
10125,low
12195,low
14897,very low
6733,low
3542,high
6679,very high
12202,average
8476,average
15865,low
8074,very low
485,average
13953,low
12521,high
8891,high
688,average
1336,high
9833,very low
1686,very low
848,low
2376,very low
12499,very high
5339,average
2797,average
12386,low
11089,average
7723,low
10014,average
11675,average
6994,very low
11452,very low
8243,low
7898,average
3087,very low
11159,high
4205,very low
4295,high
4296,very low
11223,average
13331,very low
3677,very low
13737,very high
5256,average
1263,very low
13864,very low
10756,low
15774,very low
8921,low
14697,average
2114,low
5657,low
7563,very high
15496,low
6530,low
13726,high
6989,average
6235,average
14055,high
2563,average
11601,average
1849,high
12599,very low
48,high
5424,very low
322,average
3326,low
10845,low
4698,high
12281,high
2078,average
10300,very high
14883,low
8229,low
8160,low
5054,average
14880,very low
2696,high
4801,low
5997,average
4360,very low
10545,high
7772,low
5285,very low
12092,low
15928,average
12320,low
10254,very low
8810,average
4176,very low
7726,low
3769,average
14959,low
3537,very low
5973,average
4866,average
9937,high
12564,low
8847,very high
15044,high
427,average
168,average
2452,high
347,low
3486,very low
8110,high
8931,low
14504,average
1367,average
9925,very low
7626,average
1301,low
14160,high
13877,low
11415,high
4571,very low
2474,average
2629,very low
13709,average
13037,high
10002,very low
1957,low
10924,average
3348,very low
4316,average
12636,low
11830,low
14047,very low
5274,very low
618,low
5182,low
2074,very low
15440,very low
11167,average
13882,high
8707,average
12160,high
15526,average
13844,average
10953,low
6286,low
1634,average
9417,high
6585,high
9769,high
14235,very low
14890,low
5936,low
12185,high
1202,very low
9849,average
15549,low
11753,average
14214,low
5592,low
230,low
2330,low
14275,low
328,low
5726,average
5966,high
12276,high
5961,very low
7743,average
3273,very low
12510,very low
12253,average
6548,very low
8525,very high
14770,low
10195,low
14716,low
13599,high
6699,very high
13014,average
12382,low
180,very low
13783,high
4039,average
14803,average
14098,very low
7337,very low
5747,high
15239,high
1050,high
14641,average
5070,low
11419,low
10204,very low
3824,average
5498,average
6524,low
15356,very low
7887,high
1868,high
13757,average
1978,low
15017,average
6845,average
15403,high
14428,low
5653,very low
1660,low
10399,low
2518,very low
10598,average
5117,low
1970,very low
9677,very low
6391,high
3653,high
13049,very low
12485,average
729,very low
6543,average
2238,high
5899,high
5628,high
4620,very low
752,average
8106,very low
11835,high
9043,average
11880,average
13750,high
3244,low
12420,average
12759,very low
1080,very high
6630,average
14124,very low
12371,average
15981,average
1035,very low
6939,low
5617,very low
2205,high
7248,low
13552,average
15504,low
3075,average
12269,average
12163,low
8259,low
13008,very low
13405,high
768,average
11982,high
15944,low
5467,high
8066,high
1902,high
3554,high
13966,very low
10704,low
2334,very low
6838,high
10025,low
11193,high
12436,average
4245,average
4478,very low
4772,high
13702,low
10147,average
2065,average
10802,high
3859,high
3435,low
14895,low
2867,very low
13338,low
14530,very low
9365,high
575,high
222,low
2361,low
5760,low
9802,very low
15560,average
14085,average
15191,very low
8111,very low
6597,very low
12797,low
4522,average
4334,very low
7158,low
468,very low
310,very low
12491,average
830,very low
7777,high
6509,very low
3311,low
3790,high
5293,low
1726,high
8062,high
9235,average
555,low
4125,low
13254,low
5288,low
1418,average
1291,high
2946,low
13473,low
15068,very low
4575,very low
1718,low
13754,high
12946,low
12498,low
3154,very low
8610,very low
15173,average
8006,low
11218,average
15553,very low
4254,high
2817,low
3085,very high
7151,low
7357,average
1691,high
4433,average
7209,very low
9706,high
2517,low
9215,low
13167,high
5236,high
10368,low
15057,high
4930,low
16036,very low
4491,low
7545,low
3504,low
2094,average
12777,very low
1892,average
4348,high
14397,very low
5827,high
155,low
4151,high
11755,low
16006,high
5844,average
7369,average
14170,low
7470,very low
9030,low
13280,average
14816,average
3749,average
15171,very high
13487,low
9969,high
8598,very low
15646,very low
5153,average
11594,average
12732,low
4709,high
2905,average
1865,high
3388,low
9329,average
4051,very low
2805,high
16172,average
13961,low
13673,average
11837,high
14935,average
8823,average
13129,very low
945,high
1314,average
7135,low
3572,very low
5834,average
14174,low
15392,very high
8321,low
10935,very low
1428,low
1241,very low
5741,low
5703,high
5759,high
8286,very low
13891,average
14084,very high
6586,low
7354,low
2323,very low
14863,high
6686,low
9584,high
2536,high
4983,low
13137,average
3715,high
10823,very high
15372,average
15379,very low
5575,low
14978,low
7145,average
2079,very low
10854,low
9557,average
8657,average
5912,very low
13567,very low
10797,high
15732,average
13501,low
1866,low
6225,high
14190,high
5392,average
13375,average
2938,low
6809,average
10670,low
15121,low
5324,low
7668,high
5765,average
542,average
42,high
6079,high
11434,low
10731,very low
5627,low
10108,high
11453,low
13031,average
5096,average
14814,low
12661,very low
1205,low
11364,very low
14852,very low
3793,high
15319,very low
4339,very low
2533,very low
14583,low
11984,very low
936,very low
16156,average
10694,high
6944,average
11637,very high
8088,low
12543,high
7686,average
11711,very low
3646,average
6226,low
10000,low
14777,very low
409,low
15209,average
10018,average
5933,low
9671,very low
2637,very high
6114,low
12,low
13902,average
5876,low
13347,very low
15702,low
6187,low
1161,very low
14766,very low
7862,very low
7438,high
12784,high
9781,high
5979,very low
14667,low
12129,low
823,low
4475,very low
1774,low
7559,average
12866,high
9309,very low
955,average
6605,average
9684,very low
8853,low
1470,high
5123,average
8854,high
900,low
4902,low
4751,average
10073,average
4530,high
3503,very low
5527,average
13598,average
14199,low
13305,very low
4098,average
7059,low
2961,average
14380,average
3589,average
12391,very low
7417,average
10036,low
6762,very high
11616,high
6157,high
8696,low
3600,low
10315,low
16128,low
8334,high
7677,low
14486,low
7697,high
2631,high
7505,high
4871,high
1505,high
5320,low
9182,low
10634,low
4578,very low
3739,low
4104,average
4825,low
12157,average
889,very low
12001,average
11014,average
16199,average
6280,high
9491,average
12308,high
15491,very low
2038,very low
6271,average
9649,average
11057,average
3652,high
14818,high
9975,very low
14937,average
10944,low
9588,low
12922,very low
6528,average
5169,high
8573,low
2552,high
11181,low
33,very low
4633,average
5535,average
9986,very low
3163,very low
11727,high
8027,average
10806,average
16187,average
14674,very low
9169,average
10156,low
11107,low
4684,very low
15435,very high
14059,average
13918,average
9149,low
6518,average
9896,average
6934,low
14448,very low
941,average
10617,average
14738,very low
8124,high
13546,very low
4954,average
8360,high
10949,high
522,low
2179,very low
11382,low
7435,very low
6803,very high
481,low
3160,very low
5967,very low
5205,very low
13841,low
16088,high
3827,low
8868,low
7319,average
1614,very low
11904,very low
6609,high
14155,very low
10077,very low
8899,high
9289,low
1383,very low
14309,high
13245,average
10818,very low
9739,high
9930,very low
12796,very low
2502,very low
359,average
2562,low
4945,low
2582,high
15737,high
13481,average
15818,very low
1126,very low
3074,high
14096,very low
1315,average
8896,low
36,average
1862,very low
336,low
9818,very low
2484,very low
3035,average
2325,very low
15631,low
11139,high
1164,average
3891,average
6198,low
8269,very high
15152,very low
443,high
2126,high
12591,average
7873,low
9822,average
4712,average
5597,high
11519,low
12372,average
3440,low
2644,high
1052,low
8649,very low
6578,very low
10337,very low
4074,very high
12248,very low
13734,high
977,very low
13888,low
7590,average
3526,high
5883,low
13160,very low
13084,average
285,very low
9750,high
1410,very low
1588,average
14466,low
7005,average
10919,low
5058,very low
10703,very low
11589,very low
16089,average
7708,average
11302,low
15489,low
7246,very low
13593,low
10549,low
3524,average
692,low
11477,average
7886,low
12645,high
5744,very high
436,very low
2208,low
7902,very low
7287,high
14823,low
6830,very low
3863,very low
13459,low
4047,average
7844,high
292,very high
4765,very low
4018,high
11084,high
4833,average
1490,high
13186,high
1930,high
8591,high
15201,high
12883,average
15851,average
6459,low
1677,low
11052,high
7622,low
9546,average
14702,average
12146,low
1567,low
14109,average
3663,average
15542,very low
11461,very low
3018,high
259,very low
5450,high
7732,very low
4189,average
108,low
9397,low
3146,very low
3575,average
8415,high
1731,high
2400,very low
820,high
4082,very low
11538,average
13511,low
1017,low
4458,low
15985,high
7201,high
10033,high
13300,low
8819,very low
3068,low
15144,low
7811,very high
12272,low
713,average
8779,low
5164,very low
3021,very low
13335,average
4948,high
3990,high
3360,very low
15593,very low
11396,very low
9987,very low
16040,very low
8909,average
3411,average
13224,average
10571,low
15843,very low
6900,average
11464,high
13202,very low
14882,high
5724,very low
15645,average
14902,low
12018,very high
7520,low
3310,very low
11002,average
3103,high
4847,high
2619,low
14234,low
156,very low
4920,average
4789,very low
7577,low
15655,average
9233,high
6249,low
11700,average
7620,low
5549,low
2783,average
6804,very low
14510,very low
9672,high
863,average
14953,high
11788,high
850,average
14520,low
2268,low
13081,very low
12069,very low
13233,high
7728,average
425,average
14005,average
1022,average
12424,low
14417,low
13879,very low
5774,high
6146,average
5296,low
2653,low
10625,low
2874,high
6685,low
8950,very low
10338,very low
8143,average
2591,very high
10239,high
4922,low
12138,very low
6194,very high
4917,high
9206,very low
8477,average
5517,average
7683,average
13203,very low
13079,high
6062,average
2320,average
15660,average
14485,average
855,high
115,average
5217,very low
11889,average
3861,average
14101,very low
13407,average
3478,low
13956,high
753,very low
14490,high
185,average
6202,low
7727,very low
5192,low
10438,low
14640,very low
1829,very low
1305,low
2012,low
15246,high
7979,low
15964,very low
9434,very high
15008,low
1972,very low
7579,average
4241,average
12143,average
12844,low
12465,very low
10395,average
952,low
12530,high
3017,average
15550,very low
3491,average
8633,average
8634,high
12624,very low
11083,very low
4155,very low
6065,high
1959,very high
15777,average
10790,high
8738,very low
10981,low
923,very low
2164,low
5818,high
10099,average
12640,very low
9205,very low
9775,low
10827,low
6885,very low
12914,very low
8571,low
11071,average
3494,low
7834,very low
11883,low
390,high
663,very low
6948,very low
11330,low
10652,low
4630,low
14242,very high
15274,low
12714,average
87,low
7294,average
2862,high
1054,very low
13391,low
8342,very low
5227,very low
8035,high
2305,very low
10582,average
15528,average
8592,very low
7812,low
10374,high
14977,very low
12795,average
6742,very high
9400,low
14796,average
12000,low
9988,low
6527,very low
3356,high
3937,average
14026,low
13272,average
8826,high
315,low
6784,low
342,low
11553,average
11042,average
14539,very low
9920,high
14958,high
14627,average
10824,low
13030,low
14100,low
3881,low
5989,high
10448,average
15130,average
15483,average
12050,very low
15904,very low
5852,average
2480,average
10956,average
2966,average
3658,very high
1745,very high
11406,high
4777,high
15488,low
338,high
16147,very low
7957,very low
7217,very low
9334,very low
13138,average
16209,high
11467,very low
78,average
10563,very low
4278,average
7775,average
2550,low
13698,very low
2600,very low
4792,very low
16132,average
11037,very low
5829,average
1960,average
10350,very low
8998,low
15693,low
3493,very low
8462,average
1357,average
11593,low
7288,very low
10710,low
13934,low
14463,very low
7172,very low
14546,low
12692,low
1352,very low
10535,average
8822,very low
14522,average
3685,low
6243,very low
4824,average
11473,low
4443,very high
3445,low
11490,average
3681,low
4961,low
50,low
1795,very low
11940,very low
15603,average
14336,average
14989,high
4802,low
4444,low
6915,low
3454,low
2093,average
9382,low
12054,low
7409,high
5870,high
2163,average
6732,very low
7523,average
12745,low
6829,low
13325,average
2139,low
4324,high
2286,very low
7012,low
1779,low
12087,very low
2510,average
7069,average
1540,very low
13729,average
12642,average
1635,high
14774,high
14144,average
12365,average
305,low
6207,average
9794,very low
7296,very low
15077,very low
9791,average
10330,very high
5142,low
6504,average
4210,average
10390,low
9096,low
2596,low
726,average
11651,low
15673,very low
4829,very low
758,very low
10702,very low
3376,very low
1818,low
3912,low
12807,low
14971,low
3871,average
6535,low
12374,low
10312,low
10557,low
11184,average
7440,average
2155,low
11632,very low
3192,high
13218,high
6384,average
11387,average
7899,average
7437,very high
6678,average
14736,average
15373,very low
7301,average
5784,very low
15721,low
16048,average
6002,low
1048,very low
11478,high
3635,very low
10278,low
5250,low
3611,average
2319,average
15881,very low
8217,low
13523,low
250,average
10200,low
14606,very low
7379,average
547,low
4613,average
15362,average
9202,very high
3559,average
11645,low
8239,average
12444,high
7581,average
2894,average
12688,low
1115,low
12685,very low
1523,average
13886,average
11348,low
2293,very low
1298,very low
10049,average
4674,low
15030,low
3839,very low
5886,low
15114,average
6763,low
1949,very low
7280,high
10100,average
2050,low
8543,average
2181,average
3322,high
3529,high
6645,high
6370,low
12033,low
158,low
294,very low
9420,high
6682,low
725,average
1803,average
6796,average
9194,average
1805,average
13476,low
15378,high
2613,average
8650,average
13914,high
4520,very low
6661,low
4619,low
9703,low
3952,average
7277,average
10309,very low
7981,very low
7414,average
5610,average
2914,high
13165,low
4342,low
5253,high
14739,low
6372,high
1769,average
7206,low
5600,high
330,low
2522,average
12664,high
12983,high
10450,low
14457,very low
14561,high
2278,average
10269,high
6533,very high
14108,high
13446,very high
12422,average
246,low
2834,very high
9401,very low
4397,low
9366,average
13227,very low
6189,low
15136,very low
14419,average
8007,low
6123,average
1647,very low
8147,low
14735,low
7281,very low
10829,average
1491,very low
15592,average
10748,average
160,low
6244,high
268,high
12846,average
14911,low
2051,average
8440,low
7878,very low
11080,very high
11529,very low
15957,very low
8189,very low
7504,average
10995,very low
13424,very low
15820,average
11903,average
4084,low
6471,very low
6764,high
2628,average
10391,very high
5224,average
3666,average
15074,very low
7989,low
5005,high
9255,very high
1886,average
9520,average
9170,high
12536,low
15622,high
3840,average
10054,high
231,very low
10572,low
11998,low
14215,very low
7270,average
6970,very low
5065,high
13526,high
10934,high
14042,average
2611,very low
14948,low
15826,average
15651,high
3618,average
13301,low
2085,average
10197,low
5620,low
1663,high
1294,very high
9029,high
13925,average
15764,average
15067,average
5055,average
10730,very low
15907,high
6395,average
9852,low
13054,high
5335,high
8536,high
13576,low
6075,average
10180,high
15822,high
1796,low
6352,very low
1947,very low
6780,very low
6670,low
1260,very low
7659,low
11779,high
8882,average
10745,very low
12389,high
319,high
1564,low
2635,low
5179,high
14053,very low
7634,average
14375,high
15433,low
11938,average
5812,low
9946,high
9009,low
4450,average
14596,very low
5147,high
12838,low
6795,average
3843,low
9358,low
16140,low
4279,low
1326,average
12615,very low
10516,high
15513,low
13045,very low
7104,average
14195,low
5196,low
11043,low
16009,very low
15385,low
13732,very low
9656,low
12301,average
12480,very low
4030,average
5609,average
10406,average
4065,low
1753,average
8203,low
15574,high
2033,average
16075,high
1639,very low
14929,average
8855,high
10388,very low
12235,very low
1519,high
8594,average
5161,very low
14020,high
4863,high
8294,low
13553,high
15224,very low
9786,very low
4197,very high
10037,low
891,low
591,high
15244,very low
6788,average
11861,low
8319,very high
6727,low
15309,very low
7748,very low
5391,average
12708,low
10727,very low
8207,very low
10856,average
11906,high
7221,high
12427,low
13613,high
11899,very high
2321,average
6961,low
9353,average
9601,average
14483,average
6310,very low
11910,high
5928,high
13692,very low
11936,high
14688,average
738,very low
11378,low
14629,very low
11469,very low
15529,high
2694,average
13855,average
14208,high
12056,very low
14557,very low
1563,low
4681,average
7574,average
1276,average
7008,average
4382,low
11118,high
13557,high
10538,high
244,high
15033,very low
6622,low
16152,very low
7056,average
16124,very low
10961,very low
2898,very low
8458,very low
5737,very high
4376,average
12275,very low
10554,very low
10764,very low
14851,low
4044,low
429,high
12476,average
14418,high
466,very low
132,high
5316,low
11064,average
2840,low
431,high
1869,average
12590,average
14469,very low
7408,average
5676,low
3962,very low
8979,low
13549,average
11106,very low
10512,very low
3816,average
16056,average
8721,average
455,very low
11707,average
2936,low
12366,very low
13625,high
1806,very low
7427,low
16196,very low
8136,average
13500,high
4133,average
14257,low
10928,very low
9028,average
4369,very low
7163,average
7157,low
368,low
6667,average
12973,low
13628,low
10636,high
10733,average
11357,low
13578,very low
1222,low
6013,high
5526,average
1575,low
11207,high
13085,low
14628,low
9953,low
14682,very low
10165,high
8699,high
2194,very low
263,high
2120,low
7546,average
5105,very high
15552,average
1968,low
4512,low
15019,low
11688,low
11138,average
11200,average
3406,very low
9168,low
12695,very low
12180,very low
10970,very high
9638,high
2067,very low
8357,low
14568,average
4066,average
9761,average
14791,high
7946,very low
10591,very low
12317,high
1652,very low
16068,high
7076,high
13294,very low
16104,average
3405,average
11871,low
9268,very low
10821,high
37,very high
2,low
10276,low
2492,low
15692,low
5603,average
15095,high
2883,average
11134,very high
9862,high
3015,low
13995,very low
6666,high
9536,average
15840,low
11890,low
3473,high
8880,high
7925,average
2996,very low
11152,low
8445,very low
9665,average
15361,high
14019,average
10456,very low
15799,very low
14571,very low
1172,very low
162,low
6159,average
9304,low
12882,very low
12343,very low
13970,high
3622,average
8787,very low
5237,very low
12731,low
14960,low
12135,high
2954,low
1231,average
8579,very high
6422,average
8890,average
11947,high
7713,high
6030,very low
11819,low
13948,low
3975,very low
5945,average
6141,average
2191,low
7967,average
4627,high
11641,high
2180,average
7360,low
6237,low
10370,low
6320,average
775,low
14420,average
832,low
4050,low
11710,very low
1220,high
3401,high
9995,low
13721,low
290,low
3532,very low
15167,high
10548,low
14752,average
14007,low
11287,low
7550,very high
9759,low
14795,high
10777,very high
7362,high
13681,average
5767,low
12066,average
2105,very low
4986,average
9516,high
1506,low
8412,very low
993,very low
5024,average
14366,very low
9525,very low
1258,average
3468,average
10045,average
5849,low
10826,low
12219,low
14939,very low
11058,high
6613,low
9300,low
10917,very low
6962,very low
12678,very low
781,very low
3241,low
2150,average
7509,very low
12210,very high
4406,average
271,very low
8768,very low
16207,average
1144,high
15506,high
6033,very low
9042,very low
9106,low
2446,average
8825,very low
4498,very low
6023,high
604,low
10172,very low
7802,high
1406,low
1697,very low
7970,average
616,very low
4337,low
3155,high
13589,average
2087,low
4683,low
8222,average
10918,average
7623,low
14931,high
6404,average
7074,low
12619,very low
7419,high
15926,very low
11428,high
4222,low
7658,high
11235,very low
6124,low
2690,high
16101,low
6043,low
2175,average
7089,low
7905,average
13968,average
734,average
9511,high
4783,very low
8309,average
9788,very low
13468,low
3531,average
4374,low
11775,very low
11229,low
13296,low
8292,average
3679,high
3253,high
4981,low
9471,low
9547,low
1985,high
2594,very low
13414,low
2559,very high
3278,average
9871,very low
15305,average
11614,average
10688,low
851,low
1085,very low
4965,low
6604,low
7310,low
11474,very low
2445,very low
6425,average
10357,very low
9655,low
11565,very low
11656,low
12074,low
11989,very low
3469,high
14446,very high
12119,high
15273,average
1877,low
9003,low
10629,average
6983,high
9060,low
12023,high
6467,average
13368,very high
12024,very low
14764,low
9054,very low
2228,low
8913,very low
12826,average
14721,high
14747,low
11129,average
2315,high
15007,average
10875,very low
10425,low
5692,average
5536,very low
15992,high
12093,very low
163,very low
12864,low
546,high
214,very low
13826,high
13586,average
5044,high
8158,very high
998,low
7084,high
10381,low
804,low
3246,high
9035,very low
7875,very low
8647,average
10219,low
5494,very low
3842,very low
14225,high
2111,very low
10213,average
14221,high
8970,very low
1998,low
7973,low
8973,very low
5226,average
7877,low
8971,average
11176,low
6119,average
1408,low
4904,very low
4677,low
15716,average
15261,low
15453,very low
16090,very low
3893,very high
532,low
11157,high
16093,high
10181,average
2244,average
7745,very low
7375,low
5623,low
15445,very low
9046,average
14613,low
4384,very low
5501,very low
3040,low
10283,high
899,average
9332,low
12659,very low
1351,average
6245,low
11604,very low
8799,very low
14881,low
13181,low
904,high
13166,average
10755,very high
6044,low
14341,very low
3137,average
14314,very low
9278,average
12339,high
10458,very low
2912,low
5745,very low
585,very low
9,very low
2825,low
5643,very high
13521,low
9673,high
10001,average
7605,low
922,very low
14357,low
14266,high
12641,average
6357,low
13570,very low
3350,high
8306,low
4461,high
3458,average
2472,very low
4924,low
3221,low
10417,low
6978,low
13797,average
2314,very low
12345,very low
11770,very low
349,average
7017,high
9272,high
1743,low
797,low
9733,very low
8637,low
8133,very low
9642,average
8496,average
9187,very low
8588,high
1903,very low
13412,high
5366,very high
1460,very low
1012,high
11403,average
6888,very low
13964,average
2091,low
3858,low
2717,very high
5025,low
5334,average
12788,very low
7406,average
7611,very high
6277,very low
7090,high
6091,high
11516,low
2412,average
8284,high
10346,very low
9564,average
4394,high
16131,low
2771,very high
1158,average
8348,low
3922,average
4069,very low
3877,average
5078,very low
6498,high
10214,very low
10130,high
590,very low
817,low
3220,high
15724,very low
9279,high
1876,very low
873,very low
1078,average
6361,low
13769,low
7849,high
13479,high
8323,high
9064,average
2747,very low
9535,average
8703,very low
13259,very low
4341,high
3806,low
6644,very low
8114,very high
12923,average
2641,very low
4877,very low
6041,average
6095,very low
9556,average
3647,very low
15683,high
7906,average
14961,low
6085,high
15391,low
2820,high
15127,average
8391,very high
1310,average
14537,low
14447,high
2029,low
2513,average
9038,high
7488,low
4257,very low
15784,very low
3766,high
6080,very low
8957,very high
5063,high
10950,low
2589,low
14344,average
6279,very low
4888,average
6314,average
13811,very low
1839,low
10992,average
15317,very low
7901,low
10740,low
11322,average
8859,very low
1778,very low
9796,low
6418,low
8641,very low
9384,average
14672,low
9864,high
11244,average
1721,high
11643,very low
9069,average
13978,average
7930,very low
13281,high
5400,very low
2351,very low
2122,very low
4735,low
944,very high
8889,very low
15551,low
2682,low
4304,very low
8905,high
3439,low
14449,low
2750,very high
15607,very low
2701,low
2402,high
12553,low
8621,low
1636,very low
15463,very low
3125,very low
3009,high
5995,low
8925,low
9593,average
5407,very low
6054,very low
11310,high
14246,very low
5087,low
3262,high
10770,low
7134,low
1369,low
15464,very low
659,average
10982,average
1632,average
2850,low
12707,low
15371,average
4011,average
10987,low
3066,average
6904,very low
16111,low
5215,average
13938,low
8902,very high
1994,high
6930,low
13406,low
9034,high
7383,very low
5980,average
6185,average
6919,high
2343,very low
6748,average
8112,very low
13372,high
1659,very low
3829,high
14769,high
15202,high
10713,high
8328,high
11290,low
10915,average
6698,low
2198,very high
11226,low
11072,high
11595,low
7805,low
13304,low
554,very low
5172,average
5003,low
15740,low
12810,low
746,very high
1200,average
11256,low
2592,average
1587,high
7240,very low
8671,high
8363,average
4052,high
12295,very low
5460,low
2199,very low
14719,average
3123,high
16118,very low
8119,very low
14028,low
11278,very low
2514,very high
11349,average
9356,low
8724,low
8764,low
5516,low
2755,low
4747,very low
15438,high
382,high
15133,low
3655,low
4486,average
1816,high
2845,average
15579,very low
14057,low
12175,low
11337,very low
1329,very low
2868,average
7494,average
11749,low
1602,low
15788,high
10767,very low
8599,average
1808,low
9768,very high
11059,low
2384,average
6778,average
8972,very low
9644,low
8473,high
7836,low
14361,high
11030,low
12548,average
2564,average
4896,very low
3568,very low
2045,low
2171,very high
2462,average
15642,high
6435,very low
980,average
10973,very low
888,average
9203,high
11424,low
7041,average
12806,very high
12581,high
411,very low
11627,low
5520,average
3482,average
9839,very low
3095,low
1646,low
15482,high
2744,average
1413,low
1909,high
2599,low
15485,average
3403,very low
15658,average
5143,average
5702,very low
14238,average
11380,low
14352,average
6880,average
2684,very high
10891,average
14983,very low
5721,average
15968,very low
679,average
15961,average
10552,average
15958,average
9216,low
6214,very low
6603,very low
3740,average
224,low
3914,low
12256,low
1763,very low
8169,very low
11918,low
10940,average
9467,very low
10400,very low
776,low
237,low
12912,average
5877,average
978,high
10328,low
4240,low
13700,very low
841,low
11851,very low
10120,average
806,low
3104,very low
3541,very low
4242,low
1141,high
7388,high
9076,low
1788,high
11809,average
6233,very low
2383,very low
1427,high
8746,low
5278,average
3668,average
1037,very low
3672,very low
3645,low
153,average
16030,very low
3896,low
8932,very low
13396,average
11692,low
4605,very high
10807,average
76,low
7353,average
9674,low
3788,high
10280,very low
16226,very low
552,high
9897,average
11863,average
9121,high
8517,low
7386,high
3757,very low
12400,very low
11248,average
6697,low
7467,very low
8038,low
2530,low
10010,low
8013,high
7828,very low
9433,low
4864,low
11855,low
8519,low
3173,very low
3570,very low
16027,average
11514,very low
7848,high
14784,very low
4675,very low
12862,low
7079,average
15825,very high
7393,high
8126,very low
15588,very low
13609,very low
5245,average
6526,low
5778,average
12918,high
1542,very low
9716,low
10913,average
14988,very low
15766,low
14544,high
11211,low
4598,low
12559,low
25,low
10201,average
13944,very low
1623,low
4771,low
5459,very low
15910,very low
12236,high
8437,high
9985,low
7469,low
13751,low
15725,low
8750,average
946,low
10616,average
12763,low
7840,high
6485,average
13053,high
5580,very low
11712,low
2890,high
10615,very low
15113,very low
1360,high
15164,low
3265,very low
7356,low
2263,high
5051,very low
3223,low
5481,high
12398,high
16188,high
11587,low
384,low
8844,average
4451,very high
15183,low
14567,low
15277,low
9460,high
11715,low
6392,average
12764,very low
950,high
6591,low
12260,low
1595,very low
13219,very high
7087,low
4255,very high
1827,low
8343,very low
7735,average
15065,very low
736,low
6224,very low
422,very low
4910,average
2146,very low
13243,low
14545,very high
9508,low
9024,average
15862,low
14767,average
3340,high
12674,low
203,average
8997,average
15913,average
4635,average
8393,low
13184,low
10843,high
2416,average
6854,average
15405,average
15812,low
10648,very low
7786,very low
6859,high
8570,average
8682,low
10677,average
2381,average
8874,average
6258,very low
1163,average
6811,low
13798,very low
1423,average
8082,low
6821,low
13236,low
5889,very high
2401,low
14975,very low
9722,high
1895,average
3755,very low
4853,very low
2911,low
6514,average
12457,very low
12040,average
15461,high
3098,low
7999,low
1482,low
8631,very low
13846,low
15841,average
12187,very low
15739,average
7188,low
16100,very low
15882,low
3764,low
8617,average
8245,low
8339,very low
2455,high
10185,low
13831,average
7177,average
14423,very low
7361,low
10543,average
5761,very low
12585,very low
9180,low
5429,low
5057,average
12369,average
9947,average
5914,low
15511,low
10904,average
12095,average
6861,very low
5336,high
10382,low
6972,low
1416,average
15759,high
9465,very high
2301,very high
10211,very high
1287,low
15125,high
11022,average
6284,average
2023,average
12523,very high
6869,high
2372,very high
13837,very low
11416,low
10890,very low
13648,very low
7963,average
11574,low
12551,low
9627,very low
1833,low
12571,very low
4152,high
6858,low
9225,average
2394,low
3108,average
354,low
14536,high
10080,very low
13594,very low
5449,average
5440,average
4807,average
9973,high
6403,high
1879,low
3620,high
15668,very low
8085,very low
15194,very low
1953,very low
5258,low
11231,high
2560,very low
10401,very low
12039,low
4793,high
10910,very low
1688,low
9668,very low
6298,average
14374,very low
8964,low
9633,high
7566,very low
2735,high
3353,high
12669,average
11183,low
12111,average
2202,very low
6662,average
11132,low
2346,average
14030,very low
12105,very low
5868,very low
3041,average
1840,average
4231,high
7767,average
503,average
4891,average
13516,high
1251,average
7015,low
238,low
2235,very low
11610,average
8841,high
8287,average
14134,very low
15844,average
9654,low
4243,high
7064,low
9259,high
6487,low
2722,low
7431,low
11914,low
6627,high
9326,average
3393,very low
11816,very high
1407,low
4836,high
14023,average
1047,low
14616,high
13319,high
13381,high
4876,average
8878,very low
5901,low
10945,average
1339,average
5848,low
302,very low
11264,average
8281,average
1518,high
10838,average
11044,very low
11808,average
144,very low
13052,average
4305,low
1208,average
2720,average
15713,average
2327,low
2597,low
5530,high
3308,average
5423,very low
3307,low
3794,average
682,very low
2757,very low
14045,very low
6693,very high
2857,very high
2204,average
15783,high
4718,average
8967,average
6569,high
1702,very low
3540,very high
2187,very low
8919,very low
5810,low
14426,average
9966,very low
16127,high
10646,low
7792,average
8215,very low
10386,low
521,very low
14575,very high
5212,low
3862,very high
13383,average
14551,very low
15781,high
8401,low
2593,average
10407,high
11567,average
4870,average
4926,low
15204,very low
4317,average
9047,high
5176,low
4994,very low
14237,low
12294,average
8582,high
2090,low
11362,high
10997,low
14638,low
15465,very high
1151,high
7496,very low
8371,average
505,average
882,very low
12948,very low
15032,very low
10958,high
1074,very low
10698,average
11983,very low
9373,very low
6967,very high
4179,very high
10226,high
8188,very low
5321,high
3442,high
13237,high
14717,low
3170,high
13394,high
8733,low
12649,low
12282,low
11792,average
2997,very low
1468,very low
10396,average
7358,average
8051,low
128,average
10326,low
3539,average
4862,low
13088,low
1299,low
12452,low
7308,low
3538,very low
740,average
11905,average
829,very high
7615,low
15320,low
7165,high
1242,high
10003,high
14162,average
304,high
2764,high
15318,very low
2011,average
6088,very high
10526,very low
12080,low
15638,low
5926,low
5149,high
14817,high
7567,very high
7364,very high
3124,very low
10019,low
8663,very low
9016,average
3988,very high
9032,high
13696,high
2607,average
5806,low
2983,low
2540,low
7784,average
14892,very low
16067,average
11122,average
14825,high
13776,low
266,average
14885,low
3277,low
15267,low
9487,high
14652,average
1173,low
16202,high
3304,average
8211,high
14175,high
9720,low
8384,high
15184,very low
5137,very low
10541,average
5639,high
190,very low
504,high
1867,very low
11019,average
5266,average
7340,high
7882,very low
1132,average
4149,average
3886,low
4949,very low
11566,low
7936,low
11170,average
4850,high
9705,average
3875,low
3506,high
9912,very low
4454,very low
3149,average
11532,very low
15251,very low
8873,low
13298,very low
2970,high
13087,very low
12513,very low
5631,high
2040,high
4629,average
9484,low
1181,average
6353,very low
14695,average
15003,high
1673,high
2289,average
12459,average
3582,high
6883,average
14482,average
9063,average
500,average
9152,very low
12083,low
10062,low
10955,very low
6047,very low
10848,very low
1264,high
3252,low
11539,average
6819,average
7953,average
2568,very low
9224,high
10769,low
6048,low
12197,average
489,low
2066,low
11119,very low
10343,very low
9510,average
1738,low
6342,average
14358,low
11787,low
6955,very low
6551,high
14111,high
7865,high
6884,low
7156,high
16142,average
15459,very low
7969,high
15384,low
15647,low
12149,average
4195,average
8042,low
8039,average
6127,low
4603,low
4109,average
9782,low
12126,low
10577,very low
15585,very low
6083,low
1976,average
1814,very low
7218,very low
704,average
16017,low
6337,very low
10354,low
8494,low
13996,low
8654,high
2230,low
8811,average
6287,high
600,low
170,low
10734,very high
2509,very low
13795,very low
10053,low
3979,average
12458,low
8871,high
3121,very low
2161,very low
6522,low
4413,low
6982,high
1327,average
11875,very low
4715,low
4525,very low
6536,high
13984,very low
13654,average
834,low
10601,high
5395,low
1051,low
4035,high
7029,high
7533,average
6641,very low
2878,high
1820,high
2915,high
3601,high
11402,very low
13873,very low
10631,average
12648,average
7210,very high
7527,high
6115,average
11907,low
3815,high
15478,high
6497,low
9317,very low
9992,low
4969,average
2907,average
8901,very high
3030,average
9406,very low
14262,very low
4873,low
3335,high
975,average
9589,average
1928,average
2477,average
7453,average
4372,low
3560,high
10492,very low
10365,very low
16201,average
7595,low
6909,very low
11412,very low
9294,average
8566,average
14728,average
1734,high
3649,average
14588,low
169,low
3612,low
13507,high
14422,very low
11389,high
1841,low
4488,average
13788,very low
446,average
14962,high
403,average
2851,average
11576,high
12970,low
12984,average
13900,low
5012,low
11315,low
6300,high
6090,average
15303,high
7080,low
6937,low
14950,high
2895,very high
3418,high
9840,very low
13537,very low
9022,high
9773,very low
6215,average
5894,high
747,high
1307,high
9843,low
14245,average
8862,low
1965,very low
14391,high
10090,average
14459,high
507,very high
12811,low
495,low
3812,low
6007,average
14923,low
13400,high
6351,average
14400,average
15474,average
5730,high
8369,average
13884,average
13127,average
4905,very low
11472,high
9827,high
16195,high
5102,high
2172,very low
6103,very low
5795,average
11185,low
3314,average
8848,average
15256,very high
16185,very high
8108,average
9565,high
719,low
9120,low
5505,low
3195,low
3436,very low
4673,low
6507,low
7788,average
6257,average
14383,average
1447,low
7722,very high
11161,very low
4457,low
2754,low
8668,average
2837,very high
13958,average
11404,very low
15250,very low
9381,very high
1056,high
8156,high
2298,average
6349,low
7526,low
16022,high
182,low
11857,average
14552,low
13690,high
3996,very low
15677,high
7754,low
6616,high
11646,low
9783,very low
12589,average
5489,average
7444,average
1755,low
14129,very low
14832,very low
8730,low
11762,very high
15641,very low
4702,average
7548,low
7687,average
12943,average
7116,very low
8961,low
2379,very low
4975,high
12015,average
9572,very high
15002,very low
5558,high
12421,low
14031,average
5264,very low
14680,low
1025,average
2214,very low
13265,very low
9529,very low
1354,very low
14376,low
14056,very low
3722,very low
11372,high
10754,very low
8784,low
14136,high
3774,very low
8043,average
7988,high
10232,average
9807,very low
309,high
13650,very low
11493,very low
1328,high
4637,very low
71,very low
15227,high
12229,low
12603,average
5766,high
807,low
1951,high
9337,high
4392,average
7173,low
267,average
9110,average
6113,low
10640,average
2304,low
11619,average
13533,very low
4048,low
7397,high
7931,average
5515,very low
10251,low
10497,average
14853,average
10148,high
7684,very low
8936,average
8055,very low
15257,low
2294,high
13590,high
6100,very low
8827,low
16205,low
14611,high
15088,very low
6463,high
1110,low
15544,very low
14982,average
12408,average
14820,high
14669,very low
6995,very low
6862,high
12697,very low
15016,average
13896,very high
11005,low
11735,average
3227,very high
16164,high
9386,average
1739,high
3011,average
15029,average
3132,very low
15051,low
14407,low
1122,low
1501,average
16129,average
9485,low
10518,very low
2549,low
3128,very low
13059,average
8175,low
5495,average
5646,very low
9021,average
9412,average
10628,low
5599,very low
3707,very low
10817,low
989,low
8791,average
958,very low
10895,high
3587,high
8755,average
13723,very low
11745,very low
7458,average
4818,low
4237,average
13440,high
13735,low
11076,average
2182,very low
12487,average
10560,high
4955,very low
8030,average
5916,average
10494,very low
13853,low
3989,low
11345,low
2229,very low
4901,high
10965,low
11773,high
10443,high
4720,average
15940,low
1730,average
7329,high
14284,average
4054,very low
6714,average
7648,very low
12971,average
15420,low
13429,low
10901,very low
13089,low
2256,average
15258,low
13994,high
4544,average
15694,very low
7335,high
3005,average
4356,very low
7991,average
9559,average
6827,high
4840,high
13824,average
7042,average
9119,average
8820,high
9749,very low
14200,low
9683,very low
11242,low
11740,low
5723,high
2537,average
16184,very low
12752,high
12842,low
4426,very low
15000,average
14535,high
825,low
11887,high
1384,average
15401,very low
5260,low
511,low
11895,very high
14761,average
14602,average
9936,average
4719,low
2006,average
14128,average
8824,low
3151,high
13190,high
379,very low
3923,average
15408,very low
8705,low
3518,very low
2782,average
1118,high
6199,very low
19,low
10360,very low
15856,average
5355,high
4332,low
15670,very low
647,average
13560,average
10416,average
9851,average
2024,average
12472,average
11033,high
11018,very low
11919,average
8554,very low
2108,very low
14811,low
2169,low
1454,very low
1437,low
6344,high
10746,very low
8471,very low
13730,low
7230,average
6589,average
11225,average
12016,very low
11865,average
10613,high
4767,high
7346,very low
8975,very low
12823,very low
6252,very low
8288,low
15494,average
15941,very low
13090,average
9859,very low
11296,very low
14623,low
5198,low
1345,very high
9348,low
15811,very low
194,low
12289,low
13020,average
6896,very low
2375,low
6724,average
9951,average
9640,high
10637,average
8009,high
15292,very low
14171,low
221,high
7394,low
10194,low
12910,average
3696,very low
7603,low
15028,average
2816,low
9151,average
5811,high
5976,high
10766,average
7763,very low
16043,very low
14741,very high
10969,low
7791,very low
3728,low
640,very low
193,low
13083,very low
9430,low
3050,high
9606,low
12724,very low
4452,average
4706,low
4567,average
4540,high
8504,average
2203,very low
1034,very low
5506,very low
13655,very low
4115,average
8886,average
3255,average
11768,average
6240,very high
4972,low
9264,low
12226,high
8739,average
10723,high
385,average
4178,very low
3796,average
14207,low
3479,average
9809,low
12178,very high
10718,high
2075,average
3562,low
8500,low
15242,high
9335,average
3624,low
14862,average
6263,low
765,very low
11598,high
4473,average
15948,very low
1401,average
13860,average
14559,high
5211,very low
5170,very high
13061,high
6375,average
4427,high
8976,low
284,average
9082,low
7392,average
5570,low
3885,very low
1666,very low
11352,low
3480,low
15073,very low
10794,average
8756,average
5251,average
9797,high
9689,high
11578,high
2693,very low
4995,very low
15148,high
4166,low
9597,high
10202,very low
12192,low
4026,average
15707,low
1370,very low
8603,low
15842,low
1759,low
9514,average
9515,low
2899,very low
12469,very low
3147,high
11368,average
13610,low
11233,very low
4750,high
10021,high
13156,low
11669,very high
4032,low
6293,average
7830,average
14479,low
570,very low
9869,average
15611,average
12049,very low
9125,very high
7483,low
15358,very low
8789,very low
300,very low
10738,very low
6009,very low
9387,average
4331,low
3939,average
15633,average
5645,low
13952,low
15817,very low
928,low
3110,low
7302,very low
8277,average
3930,low
1398,low
8712,very low
4652,low
8121,high
9740,low
8078,low
15092,very low
7033,very low
107,very low
11061,high
7738,very high
868,average
14806,average
8672,very low
13308,average
12527,very low
5924,low
9709,very high
10104,low
5746,low
12324,very low
11227,very low
8903,low
2902,average
14577,average
1921,low
3713,very low
14070,very low
2453,average
2185,average
6142,low
4139,high
4045,average
1366,very high
15753,average
4697,low
10605,low
12112,very low
14186,average
9888,very low
7324,very low
13436,average
1434,low
15819,very low
3116,low
9919,average
10222,low
5772,low
5208,high
10110,high
14282,low
12078,high
11898,average
14802,low
10314,average
4256,average
4012,very low
5275,average
13124,very low
2956,average
12876,very high
5787,low
5735,average
6369,very high
14294,low
1838,very low
11171,high
4175,very high
7044,very low
11544,low
1044,low
4212,average
5727,very low
12676,very high
5056,average
6008,very low
10712,high
2909,low
9330,very high
5574,low
14648,low
10788,low
11367,high
8994,low
5943,very low
14140,average
14894,average
13318,high
11728,very low
7290,average
6066,low
12225,average
14183,high
6791,very low
13861,average
9507,very low
10205,high
7037,high
16052,very low
11785,high
10593,average
14210,high
548,very high
5319,average
13196,low
1889,low
6648,average
3477,low
3595,very low
15314,average
1874,low
7399,high
3905,low
16173,average
6227,average
8885,very low
11542,low
2718,average
581,very low
12311,average
11991,average
13071,low
11980,low
7203,high
7661,high
12104,low
12683,average
16047,very low
5598,average
3115,low
1365,low
15773,low
12346,low
14264,very low
9844,low
9423,average
15334,average
4233,average
11800,low
5338,average
12808,average
6502,low
9095,average
6785,average
5990,very low
11765,average
1481,high
5587,very high
7050,very low
12999,very low
3496,low
10135,high
592,very low
15196,average
14660,very low
15022,very low
10753,average
8079,low
13234,high
990,average
15150,average
7368,very low
9823,high
16180,low
3833,low
15037,low
3744,average
4385,high
14252,low
3464,low
14095,low
3190,average
1577,average
5664,low
12563,low
6843,low
11100,high
2490,very low
10998,low
1546,very low
10258,high
7052,average
386,low
15524,low
299,high
7596,low
4036,average
7780,low
9496,very high
4752,low
4787,low
13432,average
10320,low
3684,very high
13611,low
4203,very low
14142,high
8201,high
5927,average
9774,average
8642,average
9909,average
13530,low
5103,high
9657,low
6208,average
641,high
12304,low
14810,average
12592,low
846,very low
14605,average
15626,high
15730,low
2545,very low
12401,very low
4424,average
3752,low
10482,average
4515,very low
15990,very low
15654,low
8992,very low
6446,high
1543,average
3683,low
3789,very low
996,high
7740,low
7461,low
7269,very low
10697,low
560,low
11723,low
12067,very low
2405,average
12221,low
4134,high
12601,very low
8963,average
15043,average
3258,very low
15942,average
5663,low
6737,low
12537,very low
7625,very low
10225,low
11864,low
10447,very low
232,very low
6304,very low
7220,low
9308,high
14673,very low
13131,very low
4826,low
14329,average
1541,low
2887,very low
8960,low
7263,very low
12283,average
10016,very high
14002,low
2276,very low
4593,high
675,average
13185,very low
10379,very low
7228,very low
460,very low
1002,average
10008,low
8601,low
1672,high
14558,very low
4094,average
10968,average
799,very high
1689,average
1216,very low
11034,very low
3364,average
15706,average
5611,low
9369,very low
15368,very low
9566,very low
11968,very low
5452,average
4606,average
2287,average
3822,low
12632,high
10145,high
2431,high
13452,high
10671,low
7389,low
12264,high
1415,low
272,very low
1201,very low
356,average
14106,average
4276,average
4064,high
10380,average
13043,very low
3753,average
15229,low
2861,low
4588,high
2957,very low
257,average
3414,low
7629,average
5119,low
8832,high
14965,very low
10152,very low
10786,low
5332,high
418,low
11195,very low
13532,high
10207,very low
610,average
10191,high
4798,high
1665,very low
14151,average
11272,very low
9090,average
11924,very low
802,average
8648,very low
9481,very low
9952,average
4436,average
5189,very low
3691,low
11921,average
10888,very low
15605,high
3245,average
6877,average
9243,average
15943,very low
14389,average
6129,low
5097,low
1693,very low
10527,very low
15094,low
658,low
6448,low
2555,very low
6965,average
12830,high
4272,average
9605,low
269,high
14515,low
14453,low
7313,very high
13595,low
13588,high
5596,average
15487,very low
14723,very low
8557,very low
6408,very low
6366,very low
12442,high
11843,average
16107,very low
4185,average
6840,average
9383,average
2101,very low
5763,average
15296,high
15995,average
4410,very low
15591,low
375,high
15515,average
4173,low
1638,high
5708,very low
2476,very low
3058,very low
901,high
13153,average
11784,high
7216,very high
15624,very low
1394,low
13327,very low
10881,low
13547,low
9609,high
6367,low
12061,high
15802,average
11746,very low
8441,high
